team,logo,primary_color,secondary_color,text_color,espn_id,abbreviation
Abilene Christian Wildcats,https://a.espncdn.com/i/teamlogos/ncaa/500/2000.png,#592d82,#b1b3b3,#ffffff,2000,ACU
Air Force Falcons,https://a.espncdn.com/i/teamlogos/ncaa/500/2005.png,#003594,#ffffff,#ffffff,2005,AF
Akron Zips,https://a.espncdn.com/i/teamlogos/ncaa/500/2006.png,#00285e,#84754e,#ffffff,2006,AKR
Alabama A&M Bulldogs,https://a.espncdn.com/i/teamlogos/ncaa/500/2010.png,#790000,#ffffff,#ffffff,2010,AAMU
Alabama Crimson Tide,https://a.espncdn.com/i/teamlogos/ncaa/500/333.png,#9e1632,#ffffff,#ffffff,333,ALA
Alabama State Hornets,https://a.espncdn.com/i/teamlogos/ncaa/500/2011.png,#e9a900,#0a0a0a,#000000,2011,ALST
Alcorn State Braves,https://a.espncdn.com/i/teamlogos/ncaa/500/2016.png,#4b0058,#46166a,#ffffff,2016,ALCN
American University Eagles,https://a.espncdn.com/i/teamlogos/ncaa/500/44.png,#c41130,#c8102e,#ffffff,44,AMER
App State Mountaineers,https://a.espncdn.com/i/teamlogos/ncaa/500/2026.png,#000000,#ffcd00,#ffffff,2026,APP
Arizona State Sun Devils,https://a.espncdn.com/i/teamlogos/ncaa/500/9.png,#8e0c3a,#ffc72c,#ffffff,9,ASU
Arizona Wildcats,https://a.espncdn.com/i/teamlogos/ncaa/500/12.png,#0c234b,#ab0520,#ffffff,12,ARIZ
Arkansas Razorbacks,https://a.espncdn.com/i/teamlogos/ncaa/500/8.png,#a41f35,#ffffff,#ffffff,8,ARK
Arkansas State Red Wolves,https://a.espncdn.com/i/teamlogos/ncaa/500/2032.png,#e81018,#000000,#ffffff,2032,ARST
Arkansas-Pine Bluff Golden Lions,https://a.espncdn.com/i/teamlogos/ncaa/500/2029.png,#e0aa0f,#eaaa00,#000000,2029,UAPB
Army Black Knights,https://a.espncdn.com/i/teamlogos/ncaa/500/349.png,#ce9c00,#231f20,#000000,349,ARMY
Auburn Tigers,https://a.espncdn.com/i/teamlogos/ncaa/500/2.png,#002b5c,#f26522,#ffffff,2,AUB
Austin Peay Governors,https://a.espncdn.com/i/teamlogos/ncaa/500/2046.png,#8e0b0b,,#ffffff,2046,APSU
BYU Cougars,https://a.espncdn.com/i/teamlogos/ncaa/500/252.png,#003da5,#ffffff,#ffffff,252,BYU
Ball State Cardinals,https://a.espncdn.com/i/teamlogos/ncaa/500/2050.png,#DA0000,#ffffff,#ffffff,2050,BALL
Baylor Bears,https://a.espncdn.com/i/teamlogos/ncaa/500/239.png,#154734,#ffb81c,#ffffff,239,BAY
Bellarmine Knights,https://a.espncdn.com/i/teamlogos/ncaa/500/91.png,#000000,,#ffffff,91,BELL
Belmont Bruins,https://a.espncdn.com/i/teamlogos/ncaa/500/2057.png,#182142,#c9262d,#ffffff,2057,BEL
Bethune-Cookman Wildcats,https://a.espncdn.com/i/teamlogos/ncaa/500/2065.png,#7b1831,#e9aa12,#ffffff,2065,BCU
Binghamton Bearcats,https://a.espncdn.com/i/teamlogos/ncaa/500/2066.png,#00614A,#f0f0f0,#ffffff,2066,BING
Boise State Broncos,https://a.espncdn.com/i/teamlogos/ncaa/500/68.png,#0033a0,#fa4616,#ffffff,68,BOIS
Boston College Eagles,https://a.espncdn.com/i/teamlogos/ncaa/500/103.png,#8c2232,#dbcca6,#ffffff,103,BC
Boston University Terriers,https://a.espncdn.com/i/teamlogos/ncaa/500/104.png,#cc0000,#ffffff,#ffffff,104,BU
Bowling Green Falcons,https://a.espncdn.com/i/teamlogos/ncaa/500/189.png,#2b1000,#492000,#ffffff,189,BGSU
Bradley Braves,https://a.espncdn.com/i/teamlogos/ncaa/500/71.png,#b70002,#c0c0c0,#ffffff,71,BRAD
Brown Bears,https://a.espncdn.com/i/teamlogos/ncaa/500/225.png,#411e09,#949300,#ffffff,225,BRWN
Bryant Bulldogs,https://a.espncdn.com/i/teamlogos/ncaa/500/2803.png,#000000,#9f8343,#ffffff,2803,BRY
Bucknell Bison,https://a.espncdn.com/i/teamlogos/ncaa/500/2083.png,#000060,#00316e,#ffffff,2083,BUCK
Buffalo Bulls,https://a.espncdn.com/i/teamlogos/ncaa/500/2084.png,#041A9B,#ebebeb,#ffffff,2084,BUF
Butler Bulldogs,https://a.espncdn.com/i/teamlogos/ncaa/500/2086.png,#0d1361,#00a3e0,#ffffff,2086,BUT
Cal Poly Mustangs,https://a.espncdn.com/i/teamlogos/ncaa/500/13.png,#1E4D2B,#eed897,#ffffff,13,CP
Cal State Bakersfield Roadrunners,https://a.espncdn.com/i/teamlogos/ncaa/500/2934.png,#003BAB,,#ffffff,2934,CSUB
Cal State Fullerton Titans,https://a.espncdn.com/i/teamlogos/ncaa/500/2239.png,#003767,#ff8300,#ffffff,2239,CSUF
Cal State Northridge Matadors,https://a.espncdn.com/i/teamlogos/ncaa/500/2463.png,#b50000,,#ffffff,2463,CSUN
California Baptist Lancers,https://a.espncdn.com/i/teamlogos/ncaa/500/2856.png,#000080,,#ffffff,2856,CBU
California Golden Bears,https://a.espncdn.com/i/teamlogos/ncaa/500/25.png,#031522,#ffc423,#ffffff,25,CAL
Campbell Fighting Camels,https://a.espncdn.com/i/teamlogos/ncaa/500/2097.png,#000000,,#ffffff,2097,CAM
Canisius Golden Griffins,https://a.espncdn.com/i/teamlogos/ncaa/500/2099.png,#004a81,#dda50f,#ffffff,2099,CAN
Central Arkansas Bears,https://a.espncdn.com/i/teamlogos/ncaa/500/2110.png,#a7a9ac,#8e959a,#000000,2110,CARK
Central Connecticut Blue Devils,https://a.espncdn.com/i/teamlogos/ncaa/500/2115.png,#1B49A2,#d1d5d8,#ffffff,2115,CCSU
Central Michigan Chippewas,https://a.espncdn.com/i/teamlogos/ncaa/500/2117.png,#6a0032,#ffc82e,#ffffff,2117,CMU
Charleston Cougars,https://a.espncdn.com/i/teamlogos/ncaa/500/232.png,#7a2531,#9e8959,#ffffff,232,COFC
Charleston Southern Buccaneers,https://a.espncdn.com/i/teamlogos/ncaa/500/2127.png,#2e3192,#ded090,#ffffff,2127,CHSO
Charlotte 49ers,https://a.espncdn.com/i/teamlogos/ncaa/500/2429.png,#ffffff,#cfab7a,#000000,2429,CLT
Chattanooga Mocs,https://a.espncdn.com/i/teamlogos/ncaa/500/236.png,#00386b,#dca71d,#ffffff,236,UTC
Chicago State Cougars,https://a.espncdn.com/i/teamlogos/ncaa/500/2130.png,#006700,,#ffffff,2130,CHST
Cincinnati Bearcats,https://a.espncdn.com/i/teamlogos/ncaa/500/2132.png,#000000,#717073,#ffffff,2132,CIN
Clemson Tigers,https://a.espncdn.com/i/teamlogos/ncaa/500/228.png,#f56600,#522d80,#000000,228,CLEM
Cleveland State Vikings,https://a.espncdn.com/i/teamlogos/ncaa/500/325.png,#006633,#231f20,#ffffff,325,CLE
Coastal Carolina Chanticleers,https://a.espncdn.com/i/teamlogos/ncaa/500/324.png,#007073,#876447,#ffffff,324,CCU
Colgate Raiders,https://a.espncdn.com/i/teamlogos/ncaa/500/2142.png,#821019,#ffffff,#ffffff,2142,COLG
Colorado Buffaloes,https://a.espncdn.com/i/teamlogos/ncaa/500/38.png,#000000,#cfb87c,#ffffff,38,COLO
Colorado State Rams,https://a.espncdn.com/i/teamlogos/ncaa/500/36.png,#1e4d2b,#c8c372,#ffffff,36,CSU
Columbia Lions,https://a.espncdn.com/i/teamlogos/ncaa/500/171.png,#7ba4db,#183863,#000000,171,COLU
Coppin State Eagles,https://a.espncdn.com/i/teamlogos/ncaa/500/2154.png,#2e3192,#ffd204,#ffffff,2154,COPP
Cornell Big Red,https://a.espncdn.com/i/teamlogos/ncaa/500/172.png,#d60027,#101010,#ffffff,172,COR
Creighton Bluejays,https://a.espncdn.com/i/teamlogos/ncaa/500/156.png,#005ca9,#6cadde,#ffffff,156,CREI
Dartmouth Big Green,https://a.espncdn.com/i/teamlogos/ncaa/500/159.png,#005730,#000000,#ffffff,159,DART
Davidson Wildcats,https://a.espncdn.com/i/teamlogos/ncaa/500/2166.png,#000000,#e51837,#ffffff,2166,DAV
Dayton Flyers,https://a.espncdn.com/i/teamlogos/ncaa/500/2168.png,#004B8D,#ffffff,#ffffff,2168,DAY
DePaul Blue Demons,https://a.espncdn.com/i/teamlogos/ncaa/500/305.png,#2d649c,#ce1125,#ffffff,305,DEP
Delaware Blue Hens,https://a.espncdn.com/i/teamlogos/ncaa/500/48.png,#033594,#e8ce31,#ffffff,48,DEL
Delaware State Hornets,https://a.espncdn.com/i/teamlogos/ncaa/500/2169.png,#009cdb,#d51c28,#000000,2169,DSU
Denver Pioneers,https://a.espncdn.com/i/teamlogos/ncaa/500/2172.png,#98002e,#a8996e,#ffffff,2172,DEN
Detroit Mercy Titans,https://a.espncdn.com/i/teamlogos/ncaa/500/2174.png,#165b9e,#d31733,#ffffff,2174,DETM
Drake Bulldogs,https://a.espncdn.com/i/teamlogos/ncaa/500/2181.png,#005596,#bec0c2,#ffffff,2181,DRKE
Drexel Dragons,https://a.espncdn.com/i/teamlogos/ncaa/500/2182.png,#020260,#ffd65a,#ffffff,2182,DREX
Duke Blue Devils,https://a.espncdn.com/i/teamlogos/ncaa/500/150.png,#013088,#ffffff,#ffffff,150,DUKE
Duquesne Dukes,https://a.espncdn.com/i/teamlogos/ncaa/500/2184.png,#002D62,#b90b2e,#ffffff,2184,DUQ
East Carolina Pirates,https://a.espncdn.com/i/teamlogos/ncaa/500/151.png,#4b1869,#f0907b,#ffffff,151,ECU
East Tennessee State Buccaneers,https://a.espncdn.com/i/teamlogos/ncaa/500/2193.png,#002d61,#ffc423,#ffffff,2193,ETSU
East Texas A&M Lions,https://a.espncdn.com/i/teamlogos/ncaa/500/2837.png,#000000,,#ffffff,2837,ETAM
Eastern Illinois Panthers,https://a.espncdn.com/i/teamlogos/ncaa/500/2197.png,#000000,#bebab9,#ffffff,2197,EIU
Eastern Kentucky Colonels,https://a.espncdn.com/i/teamlogos/ncaa/500/2198.png,#660819,#f0f0f0,#ffffff,2198,EKU
Eastern Michigan Eagles,https://a.espncdn.com/i/teamlogos/ncaa/500/2199.png,#00331b,#f0f0f0,#ffffff,2199,EMU
Eastern Washington Eagles,https://a.espncdn.com/i/teamlogos/ncaa/500/331.png,#a10022,#abb4bc,#ffffff,331,EWU
Elon Phoenix,https://a.espncdn.com/i/teamlogos/ncaa/500/2210.png,#020303,#b59a57,#ffffff,2210,ELON
Evansville Purple Aces,https://a.espncdn.com/i/teamlogos/ncaa/500/339.png,#663399,#ef6f00,#ffffff,339,EVAN
Fairfield Stags,https://a.espncdn.com/i/teamlogos/ncaa/500/2217.png,#000000,#ebebeb,#ffffff,2217,FAIR
Fairleigh Dickinson Knights,https://a.espncdn.com/i/teamlogos/ncaa/500/161.png,#72293c,#28334a,#ffffff,161,FDU
Florida A&M Rattlers,https://a.espncdn.com/i/teamlogos/ncaa/500/50.png,#F89728,#00843d,#000000,50,FAMU
Florida Atlantic Owls,https://a.espncdn.com/i/teamlogos/ncaa/500/2226.png,#00447c,#d31245,#ffffff,2226,FAU
Florida Gators,https://a.espncdn.com/i/teamlogos/ncaa/500/57.png,#0021a5,#fa4616,#ffffff,57,FLA
Florida Gulf Coast Eagles,https://a.espncdn.com/i/teamlogos/ncaa/500/526.png,#00885a,#076c3b,#000000,526,FGCU
Florida International Panthers,https://a.espncdn.com/i/teamlogos/ncaa/500/2229.png,#091731,#c5960c,#ffffff,2229,FIU
Florida State Seminoles,https://a.espncdn.com/i/teamlogos/ncaa/500/52.png,#782f40,#ceb888,#ffffff,52,FSU
Fordham Rams,https://a.espncdn.com/i/teamlogos/ncaa/500/2230.png,#830032,#909090,#ffffff,2230,FOR
Fresno State Bulldogs,https://a.espncdn.com/i/teamlogos/ncaa/500/278.png,#c41230,#13284c,#ffffff,278,FRES
Furman Paladins,https://a.espncdn.com/i/teamlogos/ncaa/500/231.png,#582c83,#ffffff,#ffffff,231,FUR
Gardner-Webb Runnin' Bulldogs,https://a.espncdn.com/i/teamlogos/ncaa/500/2241.png,#c12535,#909090,#ffffff,2241,GWEB
George Mason Patriots,https://a.espncdn.com/i/teamlogos/ncaa/500/2244.png,#016600,#ecb010,#ffffff,2244,GMU
George Washington Revolutionaries,https://a.espncdn.com/i/teamlogos/ncaa/500/45.png,#002843,#e8d2a1,#ffffff,45,GW
Georgetown Hoyas,https://a.espncdn.com/i/teamlogos/ncaa/500/46.png,#110E42,#001c58,#ffffff,46,GTWN
Georgia Bulldogs,https://a.espncdn.com/i/teamlogos/ncaa/500/61.png,#ba0c2f,#ffffff,#ffffff,61,UGA
Georgia Southern Eagles,https://a.espncdn.com/i/teamlogos/ncaa/500/290.png,#003775,#f0f0f0,#ffffff,290,GASO
Georgia State Panthers,https://a.espncdn.com/i/teamlogos/ncaa/500/2247.png,#1e539a,#ebebeb,#ffffff,2247,GAST
Georgia Tech Yellow Jackets,https://a.espncdn.com/i/teamlogos/ncaa/500/59.png,#003057,#b3a369,#ffffff,59,GT
Gonzaga Bulldogs,https://a.espncdn.com/i/teamlogos/ncaa/500/2250.png,#041e42,#c8102e,#ffffff,2250,GONZ
Grambling Tigers,https://a.espncdn.com/i/teamlogos/ncaa/500/2755.png,#ee8601,#ffd10a,#000000,2755,GRAM
Grand Canyon Lopes,https://a.espncdn.com/i/teamlogos/ncaa/500/2253.png,#522398,#ffffff,#ffffff,2253,GCU
Green Bay Phoenix,https://a.espncdn.com/i/teamlogos/ncaa/500/2739.png,#006633,#ffffff,#ffffff,2739,GB
Hampton Pirates,https://a.espncdn.com/i/teamlogos/ncaa/500/2261.png,#0067AC,,#ffffff,2261,HAMP
Harvard Crimson,https://a.espncdn.com/i/teamlogos/ncaa/500/108.png,#990000,#dbdbdb,#ffffff,108,HARV
Hawai'i Rainbow Warriors,https://a.espncdn.com/i/teamlogos/ncaa/500/62.png,#003420,#ffffff,#ffffff,62,HAW
High Point Panthers,https://a.espncdn.com/i/teamlogos/ncaa/500/2272.png,#b0b7bc,#ebebeb,#000000,2272,HPU
Hofstra Pride,https://a.espncdn.com/i/teamlogos/ncaa/500/2275.png,#003594,#ffc72c,#ffffff,2275,HOF
Holy Cross Crusaders,https://a.espncdn.com/i/teamlogos/ncaa/500/107.png,#0a0a0a,#080808,#ffffff,107,HC
Houston Christian Huskies,https://a.espncdn.com/i/teamlogos/ncaa/500/2277.png,#00539c,,#ffffff,2277,HCU
Houston Cougars,https://a.espncdn.com/i/teamlogos/ncaa/500/248.png,#c92a39,#ffffff,#ffffff,248,HOU
Howard Bison,https://a.espncdn.com/i/teamlogos/ncaa/500/47.png,#003a63,#e51937,#ffffff,47,HOW
IU Indianapolis Jaguars,https://a.espncdn.com/i/teamlogos/ncaa/500/85.png,#A81F30,#d59f0f,#ffffff,85,IUIN
Idaho State Bengals,https://a.espncdn.com/i/teamlogos/ncaa/500/304.png,#ef8c00,#e9a126,#000000,304,IDST
Idaho Vandals,https://a.espncdn.com/i/teamlogos/ncaa/500/70.png,#000000,#8c6e4a,#ffffff,70,IDHO
Illinois Fighting Illini,https://a.espncdn.com/i/teamlogos/ncaa/500/356.png,#ff5f05,#13294b,#000000,356,ILL
Illinois State Redbirds,https://a.espncdn.com/i/teamlogos/ncaa/500/2287.png,#CE1126,#ffe716,#ffffff,2287,ILST
Incarnate Word Cardinals,https://a.espncdn.com/i/teamlogos/ncaa/500/2916.png,#000000,#080808,#ffffff,2916,UIW
Indiana Hoosiers,https://a.espncdn.com/i/teamlogos/ncaa/500/84.png,#990000,#edebeb,#ffffff,84,IU
Indiana State Sycamores,https://a.espncdn.com/i/teamlogos/ncaa/500/282.png,#00669a,#f0f0f0,#ffffff,282,INST
Iona Gaels,https://a.espncdn.com/i/teamlogos/ncaa/500/314.png,#6f2c3e,#f0ab00,#ffffff,314,IONA
Iowa Hawkeyes,https://a.espncdn.com/i/teamlogos/ncaa/500/2294.png,#000000,#fcd116,#ffffff,2294,IOWA
Iowa State Cyclones,https://a.espncdn.com/i/teamlogos/ncaa/500/66.png,#822433,#fdca2f,#ffffff,66,ISU
Jackson State Tigers,https://a.espncdn.com/i/teamlogos/ncaa/500/2296.png,#123297,#b5b7ba,#ffffff,2296,JKST
Jacksonville Dolphins,https://a.espncdn.com/i/teamlogos/ncaa/500/294.png,#00523e,,#ffffff,294,JAX
Jacksonville State Gamecocks,https://a.espncdn.com/i/teamlogos/ncaa/500/55.png,#b50500,#b5b7ba,#ffffff,55,JXST
James Madison Dukes,https://a.espncdn.com/i/teamlogos/ncaa/500/256.png,#450084,#b5a068,#ffffff,256,JMU
Kansas City Roos,https://a.espncdn.com/i/teamlogos/ncaa/500/140.png,#004b87,#ffc72c,#ffffff,140,KC
Kansas Jayhawks,https://a.espncdn.com/i/teamlogos/ncaa/500/2305.png,#0051ba,#e8000d,#ffffff,2305,KU
Kansas State Wildcats,https://a.espncdn.com/i/teamlogos/ncaa/500/2306.png,#3c0969,#e2e3e4,#ffffff,2306,KSU
Kennesaw State Owls,https://a.espncdn.com/i/teamlogos/ncaa/500/338.png,#fdbb30,#000000,#000000,338,KENN
Kent State Golden Flashes,https://a.espncdn.com/i/teamlogos/ncaa/500/2309.png,#003976,#efab00,#ffffff,2309,KENT
Kentucky Wildcats,https://a.espncdn.com/i/teamlogos/ncaa/500/96.png,#0033a0,#ffffff,#ffffff,96,UK
LSU Tigers,https://a.espncdn.com/i/teamlogos/ncaa/500/99.png,#461d7c,#fdd023,#ffffff,99,LSU
La Salle Explorers,https://a.espncdn.com/i/teamlogos/ncaa/500/2325.png,#003356,#ffce00,#ffffff,2325,LAS
Lafayette Leopards,https://a.espncdn.com/i/teamlogos/ncaa/500/322.png,#790000,#a59474,#ffffff,322,LAF
Lamar Cardinals,https://a.espncdn.com/i/teamlogos/ncaa/500/2320.png,#000000,#ebebeb,#ffffff,2320,LAM
Le Moyne Dolphins,https://a.espncdn.com/i/teamlogos/ncaa/500/2330.png,,,#ffffff,2330,LEM
Lehigh Mountain Hawks,https://a.espncdn.com/i/teamlogos/ncaa/500/2329.png,#6c2b2a,#b69e70,#ffffff,2329,LEH
Liberty Flames,https://a.espncdn.com/i/teamlogos/ncaa/500/2335.png,#071740,#a61f21,#ffffff,2335,LIB
Lipscomb Bisons,https://a.espncdn.com/i/teamlogos/ncaa/500/288.png,#20366C,#f6b734,#ffffff,288,LIP
Little Rock Trojans,https://a.espncdn.com/i/teamlogos/ncaa/500/2031.png,#AD0000,#898d8f,#ffffff,2031,LR
Long Beach State Beach,https://a.espncdn.com/i/teamlogos/ncaa/500/299.png,#000000,#f1f2f3,#ffffff,299,LBSU
Long Island University Sharks,https://a.espncdn.com/i/teamlogos/ncaa/500/112358.png,#50c9f7,#ffbf00,#000000,112358,LIU
Longwood Lancers,https://a.espncdn.com/i/teamlogos/ncaa/500/2344.png,#003273,#9ea2a3,#ffffff,2344,LONG
Louisiana Ragin' Cajuns,https://a.espncdn.com/i/teamlogos/ncaa/500/309.png,#ce181e,#ffffff,#ffffff,309,UL
Louisiana Tech Bulldogs,https://a.espncdn.com/i/teamlogos/ncaa/500/2348.png,#002d65,#d3313a,#ffffff,2348,LT
Louisville Cardinals,https://a.espncdn.com/i/teamlogos/ncaa/500/97.png,#c9001f,#000000,#ffffff,97,LOU
Loyola Chicago Ramblers,https://a.espncdn.com/i/teamlogos/ncaa/500/2350.png,#9d1244,,#ffffff,2350,LUC
Loyola Maryland Greyhounds,https://a.espncdn.com/i/teamlogos/ncaa/500/2352.png,#76a7a0,#c9cbca,#000000,2352,L-MD
Loyola Marymount Lions,https://a.espncdn.com/i/teamlogos/ncaa/500/2351.png,#880029,#00345b,#ffffff,2351,LMU
Maine Black Bears,https://a.espncdn.com/i/teamlogos/ncaa/500/311.png,#127dbe,,#000000,311,ME
Manhattan Jaspers,https://a.espncdn.com/i/teamlogos/ncaa/500/2363.png,#4f8537,#b5b7ba,#000000,2363,MAN
Marist Red Foxes,https://a.espncdn.com/i/teamlogos/ncaa/500/2368.png,#e53730,#f0f0f0,#000000,2368,MRST
Marquette Golden Eagles,https://a.espncdn.com/i/teamlogos/ncaa/500/269.png,#003366,#ffcc00,#ffffff,269,MARQ
Marshall Thundering Herd,https://a.espncdn.com/i/teamlogos/ncaa/500/276.png,#00ae42,#be854c,#000000,276,MRSH
Maryland Eastern Shore Hawks,https://a.espncdn.com/i/teamlogos/ncaa/500/2379.png,#5c2301,#b5b7ba,#ffffff,2379,UMES
Maryland Terrapins,https://a.espncdn.com/i/teamlogos/ncaa/500/120.png,#D5002B,#ffcd00,#ffffff,120,MD
Massachusetts Minutemen,https://a.espncdn.com/i/teamlogos/ncaa/500/113.png,#880007,,#ffffff,113,MASS
McNeese Cowboys,https://a.espncdn.com/i/teamlogos/ncaa/500/2377.png,#00529C,#ffd204,#ffffff,2377,MCN
Memphis Tigers,https://a.espncdn.com/i/teamlogos/ncaa/500/235.png,#004991,#8e908f,#ffffff,235,MEM
Mercer Bears,https://a.espncdn.com/i/teamlogos/ncaa/500/2382.png,#ff7f29,#080808,#000000,2382,MER
Mercyhurst Lakers,https://a.espncdn.com/i/teamlogos/ncaa/500/2385.png,#000000,,#ffffff,2385,MERC
Merrimack Warriors,https://a.espncdn.com/i/teamlogos/ncaa/500/2771.png,#2f4f93,#e8c535,#ffffff,2771,MRMK
Miami (OH) RedHawks,https://a.espncdn.com/i/teamlogos/ncaa/500/193.png,#a4000c,#f0f0f0,#ffffff,193,M-OH
Miami Hurricanes,https://a.espncdn.com/i/teamlogos/ncaa/500/2390.png,#005030,#f47321,#ffffff,2390,MIA
Michigan State Spartans,https://a.espncdn.com/i/teamlogos/ncaa/500/127.png,#18453b,#ffffff,#ffffff,127,MSU
Michigan Wolverines,https://a.espncdn.com/i/teamlogos/ncaa/500/130.png,#00274c,#ffcb05,#ffffff,130,MICH
Middle Tennessee Blue Raiders,https://a.espncdn.com/i/teamlogos/ncaa/500/2393.png,#006db6,#ffffff,#ffffff,2393,MTSU
Milwaukee Panthers,https://a.espncdn.com/i/teamlogos/ncaa/500/270.png,#000000,#ffc20e,#ffffff,270,MILW
Minnesota Golden Gophers,https://a.espncdn.com/i/teamlogos/ncaa/500/135.png,#5e0a2f,#fab41c,#ffffff,135,MINN
Mississippi State Bulldogs,https://a.espncdn.com/i/teamlogos/ncaa/500/344.png,#5d1725,#c1c6c8,#ffffff,344,MSST
Mississippi Valley State Delta Devils,https://a.espncdn.com/i/teamlogos/ncaa/500/2400.png,#005328,#cf2d34,#ffffff,2400,MVSU
Missouri State Bears,https://a.espncdn.com/i/teamlogos/ncaa/500/2623.png,#5F0000,#e8e8e8,#ffffff,2623,MOST
Missouri Tigers,https://a.espncdn.com/i/teamlogos/ncaa/500/142.png,#f1b82d,#000000,#000000,142,MIZ
Monmouth Hawks,https://a.espncdn.com/i/teamlogos/ncaa/500/2405.png,#051844,,#ffffff,2405,MONM
Montana Grizzlies,https://a.espncdn.com/i/teamlogos/ncaa/500/149.png,#751D4A,#666666,#ffffff,149,MONT
Montana State Bobcats,https://a.espncdn.com/i/teamlogos/ncaa/500/147.png,#00205c,#bc955c,#ffffff,147,MTST
Morehead State Eagles,https://a.espncdn.com/i/teamlogos/ncaa/500/2413.png,#094FA3,#fed91a,#ffffff,2413,MORE
Morgan State Bears,https://a.espncdn.com/i/teamlogos/ncaa/500/2415.png,#014786,#f47937,#ffffff,2415,MORG
Mount St. Mary's Mountaineers,https://a.espncdn.com/i/teamlogos/ncaa/500/116.png,#005596,#ebebeb,#ffffff,116,MSM
Murray State Racers,https://a.espncdn.com/i/teamlogos/ncaa/500/93.png,#002148,#000e00,#ffffff,93,MUR
NC State Wolfpack,https://a.espncdn.com/i/teamlogos/ncaa/500/152.png,#cc0000,#ffffff,#ffffff,152,NCSU
NJIT Highlanders,https://a.espncdn.com/i/teamlogos/ncaa/500/2885.png,#EE3024,#df3e2e,#000000,2885,NJIT
Navy Midshipmen,https://a.espncdn.com/i/teamlogos/ncaa/500/2426.png,#00225b,#b5a67c,#ffffff,2426,NAVY
Nebraska Cornhuskers,https://a.espncdn.com/i/teamlogos/ncaa/500/158.png,#d00000,#ffffff,#ffffff,158,NEB
Nevada Wolf Pack,https://a.espncdn.com/i/teamlogos/ncaa/500/2440.png,#002d62,#ffffff,#ffffff,2440,NEV
New Hampshire Wildcats,https://a.espncdn.com/i/teamlogos/ncaa/500/160.png,#004990,#c3c4c6,#ffffff,160,UNH
New Haven Chargers,https://a.espncdn.com/i/teamlogos/ncaa/500/2441.png,#041e42,#ffc425,#ffffff,2441,NHVN
New Mexico Lobos,https://a.espncdn.com/i/teamlogos/ncaa/500/167.png,#000000,#231f20,#ffffff,167,UNM
New Mexico State Aggies,https://a.espncdn.com/i/teamlogos/ncaa/500/166.png,#891216,#000000,#ffffff,166,NMSU
New Orleans Privateers,https://a.espncdn.com/i/teamlogos/ncaa/500/2443.png,#005da6,#a2a9ae,#ffffff,2443,UNO
Niagara Purple Eagles,https://a.espncdn.com/i/teamlogos/ncaa/500/315.png,#69207E,#f0f0f0,#ffffff,315,NIA
Nicholls Colonels,https://a.espncdn.com/i/teamlogos/ncaa/500/2447.png,#C41230,#f0f0f0,#ffffff,2447,NICH
Norfolk State Spartans,https://a.espncdn.com/i/teamlogos/ncaa/500/2450.png,#0c8968,#fdb813,#000000,2450,NORF
North Alabama Lions,https://a.espncdn.com/i/teamlogos/ncaa/500/2453.png,#663399,,#ffffff,2453,UNA
North Carolina A&T Aggies,https://a.espncdn.com/i/teamlogos/ncaa/500/2448.png,#0505aa,#004684,#ffffff,2448,NCAT
North Carolina Central Eagles,https://a.espncdn.com/i/teamlogos/ncaa/500/2428.png,#880023,#c2c3c0,#ffffff,2428,NCCU
North Carolina Tar Heels,https://a.espncdn.com/i/teamlogos/ncaa/500/153.png,#7bafd4,#13294b,#000000,153,UNC
North Dakota Fighting Hawks,https://a.espncdn.com/i/teamlogos/ncaa/500/155.png,#00A26B,#c2c3c0,#000000,155,UND
North Dakota State Bison,https://a.espncdn.com/i/teamlogos/ncaa/500/2449.png,#01402A,#ffffff,#ffffff,2449,NDSU
North Florida Ospreys,https://a.espncdn.com/i/teamlogos/ncaa/500/2454.png,#004B8D,#babcbe,#ffffff,2454,UNF
North Texas Mean Green,https://a.espncdn.com/i/teamlogos/ncaa/500/249.png,#ffffff,#000000,#000000,249,UNT
Northeastern Huskies,https://a.espncdn.com/i/teamlogos/ncaa/500/111.png,#CC0001,#c2c3c0,#ffffff,111,NE
Northern Arizona Lumberjacks,https://a.espncdn.com/i/teamlogos/ncaa/500/2464.png,#003976,#1b3069,#ffffff,2464,NAU
Northern Colorado Bears,https://a.espncdn.com/i/teamlogos/ncaa/500/2458.png,#13558D,#ffc533,#ffffff,2458,UNCO
Northern Illinois Huskies,https://a.espncdn.com/i/teamlogos/ncaa/500/2459.png,#F1122C,#cc0000,#000000,2459,NIU
Northern Iowa Panthers,https://a.espncdn.com/i/teamlogos/ncaa/500/2460.png,#473282,#ffffff,#ffffff,2460,UNI
Northern Kentucky Norse,https://a.espncdn.com/i/teamlogos/ncaa/500/94.png,#ffc82e,#000000,#000000,94,NKU
Northwestern State Demons,https://a.espncdn.com/i/teamlogos/ncaa/500/2466.png,#492F91,#ed6118,#ffffff,2466,NWST
Northwestern Wildcats,https://a.espncdn.com/i/teamlogos/ncaa/500/77.png,#582c83,#ffffff,#ffffff,77,NU
Notre Dame Fighting Irish,https://a.espncdn.com/i/teamlogos/ncaa/500/87.png,#0c2340,#c99700,#ffffff,87,ND
Oakland Golden Grizzlies,https://a.espncdn.com/i/teamlogos/ncaa/500/2473.png,#04091c,#bc955c,#ffffff,2473,OAK
Ohio Bobcats,https://a.espncdn.com/i/teamlogos/ncaa/500/195.png,#295A29,#e4bb85,#ffffff,195,OHIO
Ohio State Buckeyes,https://a.espncdn.com/i/teamlogos/ncaa/500/194.png,#ce1141,#505056,#ffffff,194,OSU
Oklahoma Sooners,https://a.espncdn.com/i/teamlogos/ncaa/500/201.png,#a32036,#ffffff,#ffffff,201,OU
Oklahoma State Cowboys,https://a.espncdn.com/i/teamlogos/ncaa/500/197.png,#000000,#dddddd,#ffffff,197,OKST
Old Dominion Monarchs,https://a.espncdn.com/i/teamlogos/ncaa/500/295.png,#00507d,#a1d2f1,#ffffff,295,ODU
Ole Miss Rebels,https://a.espncdn.com/i/teamlogos/ncaa/500/145.png,#13294b,#c8102e,#ffffff,145,MISS
Omaha Mavericks,https://a.espncdn.com/i/teamlogos/ncaa/500/2437.png,#e3193e,#474648,#ffffff,2437,OMA
Oral Roberts Golden Eagles,https://a.espncdn.com/i/teamlogos/ncaa/500/198.png,#002462,#dac792,#ffffff,198,ORU
Oregon Ducks,https://a.espncdn.com/i/teamlogos/ncaa/500/2483.png,#007030,#fee11a,#ffffff,2483,ORE
Oregon State Beavers,https://a.espncdn.com/i/teamlogos/ncaa/500/204.png,#231f20,#d73f09,#ffffff,204,ORST
Pacific Tigers,https://a.espncdn.com/i/teamlogos/ncaa/500/279.png,#F47820,#c2c3c0,#000000,279,PAC
Penn State Nittany Lions,https://a.espncdn.com/i/teamlogos/ncaa/500/213.png,#00265D,#002e5c,#ffffff,213,PSU
Pennsylvania Quakers,https://a.espncdn.com/i/teamlogos/ncaa/500/219.png,#082A74,#a6163d,#ffffff,219,PENN
Pepperdine Waves,https://a.espncdn.com/i/teamlogos/ncaa/500/2492.png,#003A72,#dc762f,#ffffff,2492,PEPP
Pittsburgh Panthers,https://a.espncdn.com/i/teamlogos/ncaa/500/221.png,#003263,#231f20,#ffffff,221,PITT
Portland Pilots,https://a.espncdn.com/i/teamlogos/ncaa/500/2501.png,#330072,#a8b3ba,#ffffff,2501,PORT
Portland State Vikings,https://a.espncdn.com/i/teamlogos/ncaa/500/2502.png,#00311e,#ebebeb,#ffffff,2502,PRST
Prairie View A&M Panthers,https://a.espncdn.com/i/teamlogos/ncaa/500/2504.png,#4d0960,,#ffffff,2504,PV
Presbyterian Blue Hose,https://a.espncdn.com/i/teamlogos/ncaa/500/2506.png,#194896,#990134,#ffffff,2506,PRES
Princeton Tigers,https://a.espncdn.com/i/teamlogos/ncaa/500/163.png,#000000,#ff6000,#ffffff,163,PRIN
Providence Friars,https://a.espncdn.com/i/teamlogos/ncaa/500/2507.png,#000000,#a3a19e,#ffffff,2507,PROV
Purdue Boilermakers,https://a.espncdn.com/i/teamlogos/ncaa/500/2509.png,#000000,#cfb991,#ffffff,2509,PUR
Purdue Fort Wayne Mastodons,https://a.espncdn.com/i/teamlogos/ncaa/500/2870.png,#cfb991,#000000,#000000,2870,PFW
Quinnipiac Bobcats,https://a.espncdn.com/i/teamlogos/ncaa/500/2514.png,#041B43,,#ffffff,2514,QUIN
Radford Highlanders,https://a.espncdn.com/i/teamlogos/ncaa/500/2515.png,#BC1515,#c2c3c0,#ffffff,2515,RAD
Rhode Island Rams,https://a.espncdn.com/i/teamlogos/ncaa/500/227.png,#091f3f,#5ab3e8,#ffffff,227,URI
Rice Owls,https://a.espncdn.com/i/teamlogos/ncaa/500/242.png,#d1d5d8,#ffffff,#000000,242,RICE
Richmond Spiders,https://a.espncdn.com/i/teamlogos/ncaa/500/257.png,#9e0712,#b90b2e,#ffffff,257,RICH
Rider Broncs,https://a.espncdn.com/i/teamlogos/ncaa/500/2520.png,#a80532,#ebebeb,#ffffff,2520,RID
Robert Morris Colonials,https://a.espncdn.com/i/teamlogos/ncaa/500/2523.png,#00214D,#a21d2b,#ffffff,2523,RMU
Rutgers Scarlet Knights,https://a.espncdn.com/i/teamlogos/ncaa/500/164.png,#d21034,#ffffff,#ffffff,164,RUTG
SE Louisiana Lions,https://a.espncdn.com/i/teamlogos/ncaa/500/2545.png,#215732,#ffc72c,#ffffff,2545,SELA
SIU Edwardsville Cougars,https://a.espncdn.com/i/teamlogos/ncaa/500/2565.png,#eb1c23,#080808,#000000,2565,SIUE
SMU Mustangs,https://a.espncdn.com/i/teamlogos/ncaa/500/2567.png,#354ca1,#cc0035,#ffffff,2567,SMU
Sacramento State Hornets,https://a.espncdn.com/i/teamlogos/ncaa/500/16.png,#00573C,#cdb97d,#ffffff,16,SAC
Sacred Heart Pioneers,https://a.espncdn.com/i/teamlogos/ncaa/500/2529.png,#a40012,#c29472,#ffffff,2529,SHU
Saint Francis Red Flash,https://a.espncdn.com/i/teamlogos/ncaa/500/2598.png,#a20012,#000000,#ffffff,2598,SFPA
Saint Joseph's Hawks,https://a.espncdn.com/i/teamlogos/ncaa/500/2603.png,#9e1b32,#6c6f70,#ffffff,2603,JOES
Saint Louis Billikens,https://a.espncdn.com/i/teamlogos/ncaa/500/139.png,#00539C,#ebebeb,#ffffff,139,SLU
Saint Mary's Gaels,https://a.espncdn.com/i/teamlogos/ncaa/500/2608.png,#d80024,#003057,#ffffff,2608,SMC
Saint Peter's Peacocks,https://a.espncdn.com/i/teamlogos/ncaa/500/2612.png,#004CC2,,#ffffff,2612,SPU
Sam Houston Bearkats,https://a.espncdn.com/i/teamlogos/ncaa/500/2534.png,#fe5000,#000000,#000000,2534,SHSU
Samford Bulldogs,https://a.espncdn.com/i/teamlogos/ncaa/500/2535.png,#005485,#bc0023,#ffffff,2535,SAM
San Diego State Aztecs,https://a.espncdn.com/i/teamlogos/ncaa/500/21.png,#c41230,#000000,#ffffff,21,SDSU
San Diego Toreros,https://a.espncdn.com/i/teamlogos/ncaa/500/301.png,#2f99d4,#2f99d4,#000000,301,USD
San Francisco Dons,https://a.espncdn.com/i/teamlogos/ncaa/500/2539.png,#005a36,#ffffff,#ffffff,2539,SF
San Jos√© State Spartans,https://a.espncdn.com/i/teamlogos/ncaa/500/23.png,#005893,#fdba31,#ffffff,23,SJSU
Santa Clara Broncos,https://a.espncdn.com/i/teamlogos/ncaa/500/2541.png,#690b0b,#101010,#ffffff,2541,SCU
Seattle U Redhawks,https://a.espncdn.com/i/teamlogos/ncaa/500/2547.png,#BF2E1A,#c2c3c0,#ffffff,2547,SEA
Seton Hall Pirates,https://a.espncdn.com/i/teamlogos/ncaa/500/2550.png,#0857B1,#8a8d8f,#ffffff,2550,HALL
Siena Saints,https://a.espncdn.com/i/teamlogos/ncaa/500/2561.png,#037961,#eea60f,#ffffff,2561,SIE
South Alabama Jaguars,https://a.espncdn.com/i/teamlogos/ncaa/500/6.png,#003E7E,,#ffffff,6,USA
South Carolina Gamecocks,https://a.espncdn.com/i/teamlogos/ncaa/500/2579.png,#73000a,#ffffff,#ffffff,2579,SC
South Carolina State Bulldogs,https://a.espncdn.com/i/teamlogos/ncaa/500/2569.png,#7d1315,#104897,#ffffff,2569,SCST
South Carolina Upstate Spartans,https://a.espncdn.com/i/teamlogos/ncaa/500/2908.png,#008545,#000000,#ffffff,2908,UPST
South Dakota Coyotes,https://a.espncdn.com/i/teamlogos/ncaa/500/233.png,#CD1241,#f0f0f0,#ffffff,233,SDAK
South Dakota State Jackrabbits,https://a.espncdn.com/i/teamlogos/ncaa/500/2571.png,#0033a0,#ffd100,#ffffff,2571,SDST
South Florida Bulls,https://a.espncdn.com/i/teamlogos/ncaa/500/58.png,#004A36,#231f20,#ffffff,58,USF
Southeast Missouri State Redhawks,https://a.espncdn.com/i/teamlogos/ncaa/500/2546.png,#c8102e,#000000,#ffffff,2546,SEMO
Southern Illinois Salukis,https://a.espncdn.com/i/teamlogos/ncaa/500/79.png,#85283D,#c2c3c0,#ffffff,79,SIU
Southern Jaguars,https://a.espncdn.com/i/teamlogos/ncaa/500/2582.png,#004B97,#ffc82d,#ffffff,2582,SOU
Southern Miss Golden Eagles,https://a.espncdn.com/i/teamlogos/ncaa/500/2572.png,#FFAA3C,#ffc423,#000000,2572,USM
Southern Utah Thunderbirds,https://a.espncdn.com/i/teamlogos/ncaa/500/253.png,#c72026,#000000,#ffffff,253,SUU
St. Bonaventure Bonnies,https://a.espncdn.com/i/teamlogos/ncaa/500/179.png,#70261D,,#ffffff,179,SBU
St. John's Red Storm,https://a.espncdn.com/i/teamlogos/ncaa/500/2599.png,#d10000,#101010,#ffffff,2599,SJU
St. Thomas-Minnesota Tommies,https://a.espncdn.com/i/teamlogos/ncaa/500/2900.png,#000000,,#ffffff,2900,STMN
Stanford Cardinal,https://a.espncdn.com/i/teamlogos/ncaa/500/24.png,#8c1515,#ffffff,#ffffff,24,STAN
Stephen F. Austin Lumberjacks,https://a.espncdn.com/i/teamlogos/ncaa/500/2617.png,#393996,#bec0c2,#ffffff,2617,SFA
Stetson Hatters,https://a.espncdn.com/i/teamlogos/ncaa/500/56.png,#0a5640,#56854e,#ffffff,56,STET
Stonehill Skyhawks,https://a.espncdn.com/i/teamlogos/ncaa/500/284.png,#000000,,#ffffff,284,STO
Stony Brook Seawolves,https://a.espncdn.com/i/teamlogos/ncaa/500/2619.png,#990000,,#ffffff,2619,STBK
Syracuse Orange,https://a.espncdn.com/i/teamlogos/ncaa/500/183.png,#ff6500,#000e54,#000000,183,SYR
TCU Horned Frogs,https://a.espncdn.com/i/teamlogos/ncaa/500/2628.png,#4d1979,#f1f2f3,#ffffff,2628,TCU
Tarleton State Texans,https://a.espncdn.com/i/teamlogos/ncaa/500/2627.png,#000000,,#ffffff,2627,TAR
Temple Owls,https://a.espncdn.com/i/teamlogos/ncaa/500/218.png,#A80532,#a7a9ac,#ffffff,218,TEM
Tennessee State Tigers,https://a.espncdn.com/i/teamlogos/ncaa/500/2634.png,#171796,#f0f0f0,#ffffff,2634,TNST
Tennessee Tech Golden Eagles,https://a.espncdn.com/i/teamlogos/ncaa/500/2635.png,#5A4099,#ffde00,#ffffff,2635,TNTC
Tennessee Volunteers,https://a.espncdn.com/i/teamlogos/ncaa/500/2633.png,#ff8200,#58595b,#000000,2633,TENN
Texas A&M Aggies,https://a.espncdn.com/i/teamlogos/ncaa/500/245.png,#500000,#ffffff,#ffffff,245,TA&M
Texas A&M-Corpus Christi Islanders,https://a.espncdn.com/i/teamlogos/ncaa/500/357.png,#0067c5,#007f3e,#ffffff,357,AMCC
Texas Longhorns,https://a.espncdn.com/i/teamlogos/ncaa/500/251.png,#c15d26,#ffffff,#000000,251,TEX
Texas Southern Tigers,https://a.espncdn.com/i/teamlogos/ncaa/500/2640.png,#860038,#ffffff,#ffffff,2640,TXSO
Texas State Bobcats,https://a.espncdn.com/i/teamlogos/ncaa/500/326.png,#4e1719,#b4975a,#ffffff,326,TXST
Texas Tech Red Raiders,https://a.espncdn.com/i/teamlogos/ncaa/500/2641.png,#000000,#da291c,#ffffff,2641,TTU
The Citadel Bulldogs,https://a.espncdn.com/i/teamlogos/ncaa/500/2643.png,#7badd3,#002856,#000000,2643,CIT
Toledo Rockets,https://a.espncdn.com/i/teamlogos/ncaa/500/2649.png,#0a2240,#ffcd00,#ffffff,2649,TOL
Towson Tigers,https://a.espncdn.com/i/teamlogos/ncaa/500/119.png,#FFC229,,#000000,119,TOW
Troy Trojans,https://a.espncdn.com/i/teamlogos/ncaa/500/2653.png,#AE0210,#88898c,#ffffff,2653,TROY
Tulane Green Wave,https://a.espncdn.com/i/teamlogos/ncaa/500/2655.png,#006547,#468ac9,#ffffff,2655,TULN
Tulsa Golden Hurricane,https://a.espncdn.com/i/teamlogos/ncaa/500/202.png,#003595,#d0b787,#ffffff,202,TLSA
UAB Blazers,https://a.espncdn.com/i/teamlogos/ncaa/500/5.png,#054338,#ffc845,#ffffff,5,UAB
UAlbany Great Danes,https://a.espncdn.com/i/teamlogos/ncaa/500/399.png,#3D2777,#ffffff,#ffffff,399,UALB
UC Davis Aggies,https://a.espncdn.com/i/teamlogos/ncaa/500/302.png,#002855,#c3c4c6,#ffffff,302,UCD
UC Irvine Anteaters,https://a.espncdn.com/i/teamlogos/ncaa/500/300.png,#002B5C,#fec52e,#ffffff,300,UCI
UC Riverside Highlanders,https://a.espncdn.com/i/teamlogos/ncaa/500/27.png,#14234F,,#ffffff,27,UCR
UC San Diego Tritons,https://a.espncdn.com/i/teamlogos/ncaa/500/28.png,#000000,#ffcd00,#ffffff,28,UCSD
UC Santa Barbara Gauchos,https://a.espncdn.com/i/teamlogos/ncaa/500/2540.png,#1e1840,#febc11,#ffffff,2540,UCSB
UCF Knights,https://a.espncdn.com/i/teamlogos/ncaa/500/2116.png,#000000,#b4a269,#ffffff,2116,UCF
UCLA Bruins,https://a.espncdn.com/i/teamlogos/ncaa/500/26.png,#2774ae,#f2a900,#ffffff,26,UCLA
UConn Huskies,https://a.espncdn.com/i/teamlogos/ncaa/500/41.png,#0c2340,#f1f2f3,#ffffff,41,CONN
UIC Flames,https://a.espncdn.com/i/teamlogos/ncaa/500/82.png,#001e62,#d50032,#ffffff,82,UIC
UL Monroe Warhawks,https://a.espncdn.com/i/teamlogos/ncaa/500/2433.png,#231F20,#b18445,#ffffff,2433,ULM
UMBC Retrievers,https://a.espncdn.com/i/teamlogos/ncaa/500/2378.png,#000000,#ad860a,#ffffff,2378,UMBC
UMass Lowell River Hawks,https://a.espncdn.com/i/teamlogos/ncaa/500/2349.png,#00529C,#cf1f2f,#ffffff,2349,UML
UNC Asheville Bulldogs,https://a.espncdn.com/i/teamlogos/ncaa/500/2427.png,#003da5,#ffffff,#ffffff,2427,UNCA
UNC Greensboro Spartans,https://a.espncdn.com/i/teamlogos/ncaa/500/2430.png,#003559,#ffd90a,#ffffff,2430,UNCG
UNC Wilmington Seahawks,https://a.espncdn.com/i/teamlogos/ncaa/500/350.png,#00665e,#ffda00,#ffffff,350,UNCW
UNLV Rebels,https://a.espncdn.com/i/teamlogos/ncaa/500/2439.png,#b10202,#ffffff,#ffffff,2439,UNLV
USC Trojans,https://a.espncdn.com/i/teamlogos/ncaa/500/30.png,#9e2237,#ffcc00,#ffffff,30,USC
UT Arlington Mavericks,https://a.espncdn.com/i/teamlogos/ncaa/500/250.png,#004b7c,#f58024,#ffffff,250,UTA
UT Martin Skyhawks,https://a.espncdn.com/i/teamlogos/ncaa/500/2630.png,#FF6700,#102a5c,#000000,2630,UTM
UT Rio Grande Valley Vaqueros,https://a.espncdn.com/i/teamlogos/ncaa/500/292.png,#dc6000,#e1732d,#000000,292,RGV
UTEP Miners,https://a.espncdn.com/i/teamlogos/ncaa/500/2638.png,#ff8200,#041e42,#000000,2638,UTEP
UTSA Roadrunners,https://a.espncdn.com/i/teamlogos/ncaa/500/2636.png,#002A5C,#f47321,#ffffff,2636,UTSA
Utah State Aggies,https://a.espncdn.com/i/teamlogos/ncaa/500/328.png,#00263a,#949ca1,#ffffff,328,USU
Utah Tech Trailblazers,https://a.espncdn.com/i/teamlogos/ncaa/500/3101.png,#000000,,#ffffff,3101,UTU
Utah Utes,https://a.espncdn.com/i/teamlogos/ncaa/500/254.png,#ea002a,#ffffff,#ffffff,254,UTAH
Utah Valley Wolverines,https://a.espncdn.com/i/teamlogos/ncaa/500/3084.png,#004812,#e1c736,#ffffff,3084,UVU
VCU Rams,https://a.espncdn.com/i/teamlogos/ncaa/500/2670.png,#ffaf00,#000000,#000000,2670,VCU
VMI Keydets,https://a.espncdn.com/i/teamlogos/ncaa/500/2678.png,#ae122a,#ffd619,#ffffff,2678,VMI
Valparaiso Beacons,https://a.espncdn.com/i/teamlogos/ncaa/500/2674.png,#794500,,#ffffff,2674,VAL
Vanderbilt Commodores,https://a.espncdn.com/i/teamlogos/ncaa/500/238.png,#000000,#231f20,#ffffff,238,VAN
Vermont Catamounts,https://a.espncdn.com/i/teamlogos/ncaa/500/261.png,#154734,#ffc72c,#ffffff,261,UVM
Villanova Wildcats,https://a.espncdn.com/i/teamlogos/ncaa/500/222.png,#00205b,#13b5ea,#ffffff,222,VILL
Virginia Cavaliers,https://a.espncdn.com/i/teamlogos/ncaa/500/258.png,#232d4b,#f84c1e,#ffffff,258,UVA
Virginia Tech Hokies,https://a.espncdn.com/i/teamlogos/ncaa/500/259.png,#630031,#cf4520,#ffffff,259,VT
Wagner Seahawks,https://a.espncdn.com/i/teamlogos/ncaa/500/2681.png,#00483A,#ffffff,#ffffff,2681,WAG
Wake Forest Demon Deacons,https://a.espncdn.com/i/teamlogos/ncaa/500/154.png,#000000,#ceb888,#ffffff,154,WAKE
Washington Huskies,https://a.espncdn.com/i/teamlogos/ncaa/500/264.png,#33006f,#e8d3a2,#ffffff,264,WASH
Washington State Cougars,https://a.espncdn.com/i/teamlogos/ncaa/500/265.png,#981e32,#ffffff,#ffffff,265,WSU
Weber State Wildcats,https://a.espncdn.com/i/teamlogos/ncaa/500/2692.png,#18005a,#ebebeb,#ffffff,2692,WEB
West Georgia Wolves,https://a.espncdn.com/i/teamlogos/ncaa/500/2698.png,#0033a1,#db1a21,#ffffff,2698,WGA
West Virginia Mountaineers,https://a.espncdn.com/i/teamlogos/ncaa/500/277.png,#002855,#eaaa00,#ffffff,277,WVU
Western Carolina Catamounts,https://a.espncdn.com/i/teamlogos/ncaa/500/2717.png,#492F91,#bf9e70,#ffffff,2717,WCU
Western Illinois Leathernecks,https://a.espncdn.com/i/teamlogos/ncaa/500/2710.png,#4e1e8a,#ffc90a,#ffffff,2710,WIU
Western Kentucky Hilltoppers,https://a.espncdn.com/i/teamlogos/ncaa/500/98.png,#F32026,#b3b5b8,#000000,98,WKU
Western Michigan Broncos,https://a.espncdn.com/i/teamlogos/ncaa/500/2711.png,#532e1f,#8b7f79,#ffffff,2711,WMU
Wichita State Shockers,https://a.espncdn.com/i/teamlogos/ncaa/500/2724.png,#0d0a03,#ffc41e,#ffffff,2724,WICH
William & Mary Tribe,https://a.espncdn.com/i/teamlogos/ncaa/500/2729.png,#103217,#f6b220,#ffffff,2729,W&M
Winthrop Eagles,https://a.espncdn.com/i/teamlogos/ncaa/500/2737.png,#9e0b0e,#fdb41e,#ffffff,2737,WIN
Wisconsin Badgers,https://a.espncdn.com/i/teamlogos/ncaa/500/275.png,#c4012f,#ffffff,#ffffff,275,WIS
Wofford Terriers,https://a.espncdn.com/i/teamlogos/ncaa/500/2747.png,#533B22,#f0f0f0,#ffffff,2747,WOF
Wright State Raiders,https://a.espncdn.com/i/teamlogos/ncaa/500/2750.png,#cba052,#cba052,#000000,2750,WRST
Wyoming Cowboys,https://a.espncdn.com/i/teamlogos/ncaa/500/2751.png,#492f24,#ffc425,#ffffff,2751,WYO
Xavier Musketeers,https://a.espncdn.com/i/teamlogos/ncaa/500/2752.png,#21304e,#a5a7a8,#ffffff,2752,XAV
Yale Bulldogs,https://a.espncdn.com/i/teamlogos/ncaa/500/43.png,#004a81,#286dc0,#ffffff,43,YALE
Youngstown State Penguins,https://a.espncdn.com/i/teamlogos/ncaa/500/2754.png,#E51935,#690717,#ffffff,2754,YSU
